accuracy,precision,recall,f1,roc_auc,average_precision,chunk,fold
0.755,0.2727272727272727,0.2647058823529412,0.26865671641791045,0.6543231750531538,0.2709324390777328,0,0
0.795,0.3157894736842105,0.17647058823529413,0.22641509433962265,0.7297129695251594,0.33176419385078043,0,1
0.785,0.37142857142857144,0.38235294117647056,0.37681159420289856,0.7175761871013464,0.37274154010629235,0,2
0.79,0.35714285714285715,0.29411764705882354,0.3225806451612903,0.7250177179305457,0.37957048968181145,0,3
0.785,0.3181818181818182,0.2,0.24561403508771928,0.6697835497835498,0.3383764782709729,0,4
0.795,0.5333333333333333,0.37209302325581395,0.4383561643835616,0.7521848615019997,0.48168087533680604,1,0
0.74,0.3548387096774194,0.2558139534883721,0.2972972972972973,0.6471633832024886,0.3153755312854628,1,1
0.765,0.42857142857142855,0.27906976744186046,0.3380281690140845,0.6604947415197749,0.3916563825929057,1,2
0.775,0.48,0.2727272727272727,0.34782608695652173,0.7421328671328672,0.49692043386499507,1,3
0.76,0.4473684210526316,0.38636363636363635,0.4146341463414634,0.7239219114219115,0.41582131074174666,1,4
0.775,0.35294117647058826,0.15,0.21052631578947367,0.6659375,0.29973476085426115,2,0
0.79,0.46875,0.375,0.4166666666666667,0.779921875,0.4270830458278335,2,1
0.755,0.3448275862068966,0.25,0.2898550724637681,0.73125,0.38089883239914624,2,2
0.775,0.38095238095238093,0.2,0.26229508196721313,0.716796875,0.3487528376414497,2,3
0.76,0.375,0.3,0.3333333333333333,0.71328125,0.3838737209812499,2,4
0.765,0.5151515151515151,0.3541666666666667,0.41975308641975306,0.7411595394736841,0.4888251491993518,3,0
0.75,0.47058823529411764,0.3333333333333333,0.3902439024390244,0.7761787280701753,0.5284728136025367,3,1
0.755,0.4838709677419355,0.3125,0.379746835443038,0.7637061403508772,0.49007095379269233,3,2
0.78,0.5625,0.375,0.45,0.7865953947368421,0.5030584095158529,3,3
0.785,0.6153846153846154,0.32653061224489793,0.4266666666666667,0.8030814974996622,0.5701830153974874,3,4
0.735,0.3157894736842105,0.13043478260869565,0.18461538461538463,0.6638904573687183,0.3761205332940162,4,0
0.715,0.28,0.15217391304347827,0.19718309859154928,0.6072840203274986,0.2891233422225066,4,1
0.765,0.47058823529411764,0.17391304347826086,0.25396825396825395,0.6988989271597966,0.4363810734684768,4,2
0.755,0.42857142857142855,0.1956521739130435,0.26865671641791045,0.6144127611518916,0.36481796538504785,4,3
0.74,0.375,0.1956521739130435,0.2571428571428571,0.6278232636928289,0.29594088189660067,4,4
0.735,0.3157894736842105,0.13043478260869565,0.18461538461538463,0.6012140033879164,0.30488343152680875,5,0
0.7,0.28125,0.1956521739130435,0.23076923076923078,0.5734048560135516,0.30468267736049937,5,1
0.745,0.3333333333333333,0.10869565217391304,0.16393442622950818,0.6279644268774703,0.34242345228529436,5,2
0.665,0.21621621621621623,0.17391304347826086,0.1927710843373494,0.5452428006775834,0.2891772274640576,5,3
0.68,0.18518518518518517,0.10638297872340426,0.13513513513513514,0.6479627311917675,0.28930506338336553,5,4
0.735,0.2,0.06818181818181818,0.1016949152542373,0.5886509324009325,0.2786907625160643,6,0
0.765,0.3333333333333333,0.06818181818181818,0.11320754716981132,0.5316870629370629,0.24218251090643628,6,1
0.71,0.15,0.06818181818181818,0.09375,0.46824009324009325,0.23528812620323702,6,2
0.77,0.3333333333333333,0.045454545454545456,0.08,0.4995629370629371,0.22713285107458506,6,3
0.735,0.16666666666666666,0.044444444444444446,0.07017543859649122,0.4555555555555556,0.20826130829287254,6,4
0.845,0.42105263157894735,0.2857142857142857,0.3404255319148936,0.8798795681063123,0.44039923195993075,7,0
0.835,0.38095238095238093,0.2857142857142857,0.32653061224489793,0.8750000000000001,0.4285428527271357,7,1
0.82,0.25,0.14285714285714285,0.18181818181818182,0.8247508305647839,0.3179261032684869,7,2
0.845,0.38461538461538464,0.17857142857142858,0.24390243902439024,0.8269310631229235,0.39874257193295015,7,3
0.855,0.5,0.3103448275862069,0.3829787234042553,0.8697318007662835,0.4724942567664053,7,4
0.755,0.23076923076923078,0.17142857142857143,0.19672131147540983,0.803116883116883,0.3576960495949126,8,0
0.825,0.5,0.42857142857142855,0.46153846153846156,0.8567099567099568,0.5130054916896521,8,1
0.76,0.3142857142857143,0.3142857142857143,0.3142857142857143,0.8145454545454545,0.39760288696941015,8,2
0.81,0.45454545454545453,0.2777777777777778,0.3448275862068966,0.873729674796748,0.5080401943970736,8,3
0.77,0.3333333333333333,0.2777777777777778,0.30303030303030304,0.8214769647696476,0.37686866485577664,8,4
0.775,0.4090909090909091,0.21951219512195122,0.2857142857142857,0.6415861328424605,0.352314205885345,9,0
0.765,0.35,0.17073170731707318,0.22950819672131148,0.762310170271514,0.3906539645294359,9,1
0.82,0.5675675675675675,0.5121951219512195,0.5384615384615384,0.7800276115968707,0.5627949237123472,9,2
0.77,0.4090909090909091,0.21428571428571427,0.28125,0.7300331525015069,0.4126769354110501,9,3
0.81,0.5909090909090909,0.30952380952380953,0.40625,0.7808167570825799,0.5496083757100646,9,4
0.805,0.3333333333333333,0.08333333333333333,0.13333333333333333,0.6717479674796748,0.31866379944068307,10,0
0.77,0.23529411764705882,0.10810810810810811,0.14814814814814814,0.7127342065992373,0.2910826123658821,10,1
0.785,0.35,0.1891891891891892,0.24561403508771928,0.6435914442049412,0.2739216506362453,10,2
0.8,0.38461538461538464,0.13513513513513514,0.2,0.7078428121372907,0.3842043462371586,10,3
0.785,0.2857142857142857,0.10810810810810811,0.1568627450980392,0.686950754435417,0.3417062283175285,10,4
0.785,0.56,0.30434782608695654,0.39436619718309857,0.7661631846414454,0.5376064270809188,11,0
0.77,0.5,0.2391304347826087,0.3235294117647059,0.7554347826086958,0.5194801740980157,11,1
0.725,0.3548387096774194,0.2391304347826087,0.2857142857142857,0.6818887634105025,0.4146732391053306,11,2
0.745,0.41379310344827586,0.2608695652173913,0.32,0.6803359683794467,0.3560893444537827,11,3
0.77,0.5172413793103449,0.3191489361702128,0.39473684210526316,0.7385620915032679,0.4770334260317345,11,4
0.865,0.3333333333333333,0.17391304347826086,0.22857142857142856,0.8111029231147138,0.2954527225348141,12,0
0.855,0.3333333333333333,0.2608695652173913,0.2926829268292683,0.821665438467207,0.35265115007448233,12,1
0.875,0.4,0.17391304347826086,0.24242424242424243,0.8812331122574306,0.462038297469742,12,2
0.895,0.5833333333333334,0.30434782608695654,0.4,0.8468435273888479,0.419191481208376,12,3
0.84,0.2631578947368421,0.21739130434782608,0.23809523809523808,0.8212969786293295,0.37107096668934253,12,4
0.78,0.5641025641025641,0.4489795918367347,0.5,0.7791593458575484,0.6213418238033807,13,0
0.775,0.5625,0.3673469387755102,0.4444444444444444,0.7669955399378294,0.5225713543248063,13,1
0.76,0.5161290322580645,0.32653061224489793,0.4,0.7453709960805514,0.529268599513752,13,2
0.775,0.5588235294117647,0.3877551020408163,0.4578313253012048,0.7861197459116096,0.6045263037260166,13,3
0.81,0.6774193548387096,0.42857142857142855,0.525,0.7883497769968916,0.635769394143684,13,4
0.825,0.6296296296296297,0.40476190476190477,0.4927536231884058,0.844258589511754,0.5970983119418439,14,0
0.795,0.5555555555555556,0.23255813953488372,0.32786885245901637,0.798103984594875,0.5080041213675964,14,1
0.78,0.4782608695652174,0.2558139534883721,0.3333333333333333,0.7485557695156273,0.45727019190894236,14,2
0.83,0.6956521739130435,0.37209302325581395,0.48484848484848486,0.8283217301140572,0.6006669285081151,14,3
0.78,0.4782608695652174,0.2558139534883721,0.3333333333333333,0.7775885054066065,0.4563071561244989,14,4
0.76,0.4827586206896552,0.2978723404255319,0.3684210526315789,0.7300792657488527,0.47780712783771406,15,0
0.745,0.4230769230769231,0.23404255319148937,0.3013698630136986,0.6727158948685857,0.3609915352341136,15,1
0.74,0.38095238095238093,0.1702127659574468,0.23529411764705882,0.7820191906549854,0.44664103437890174,15,2
0.745,0.4090909090909091,0.19148936170212766,0.2608695652173913,0.6619385342789599,0.34810391673113905,15,3
0.765,0.5,0.2553191489361702,0.3380281690140845,0.7745793352802114,0.4742614225813888,15,4
0.74,0.3939393939393939,0.28888888888888886,0.3333333333333333,0.7806451612903226,0.459388334298189,16,0
0.775,0.5,0.4,0.4444444444444444,0.8213620071684588,0.48577710675343067,16,1
0.735,0.3939393939393939,0.2826086956521739,0.3291139240506329,0.7564229249011858,0.37910306460987087,16,2
0.79,0.5833333333333334,0.30434782608695654,0.4,0.8569311123658949,0.5881457741181931,16,3
0.8,0.59375,0.41304347826086957,0.48717948717948717,0.7816205533596837,0.514874530892507,16,4
0.795,0.35,0.2,0.2545454545454545,0.6664935064935065,0.3133031711645839,17,0
0.785,0.3157894736842105,0.16666666666666666,0.21818181818181817,0.7116361788617886,0.31871678418458504,17,1
0.83,0.5625,0.25,0.34615384615384615,0.7628726287262872,0.45665011917151505,17,2
0.785,0.3157894736842105,0.16666666666666666,0.21818181818181817,0.6772527100271003,0.28568114257678573,17,3
0.825,0.5454545454545454,0.16666666666666666,0.2553191489361702,0.7617716802168021,0.4501057472984634,17,4
0.85,0.4782608695652174,0.3793103448275862,0.4230769230769231,0.8187134502923976,0.4292876416209006,18,0
0.82,0.375,0.3,0.3333333333333333,0.7627450980392156,0.35710711854497157,18,1
0.82,0.375,0.3,0.3333333333333333,0.7345098039215686,0.31241241974059536,18,2
0.875,0.6666666666666666,0.3333333333333333,0.4444444444444444,0.7747058823529411,0.4596163171983849,18,3
0.86,0.5714285714285714,0.26666666666666666,0.36363636363636365,0.778529411764706,0.4057631394196236,18,4
0.76,0.4230769230769231,0.25,0.3142857142857143,0.6777389277389277,0.4492207405687662,19,0
0.77,0.4583333333333333,0.25,0.3235294117647059,0.6910693473193473,0.41103666394322924,19,1
0.72,0.2857142857142857,0.18181818181818182,0.2222222222222222,0.5616987179487181,0.2965943606079056,19,2
0.715,0.3333333333333333,0.29545454545454547,0.3132530120481928,0.5942599067599069,0.3443555111469319,19,3
0.73,0.34375,0.25,0.2894736842105263,0.5938228438228439,0.28761099429236725,19,4
0.815,0.5217391304347826,0.3157894736842105,0.39344262295081966,0.781595191682911,0.49466363362962573,20,0
0.79,0.4375,0.3684210526315789,0.4,0.7685997400909681,0.4170566129595151,20,1
0.785,0.4,0.2631578947368421,0.31746031746031744,0.7592592592592592,0.41604927623200283,20,2
0.825,0.6666666666666666,0.20512820512820512,0.3137254901960784,0.7355470616340181,0.49138807095307413,20,3
0.835,0.6153846153846154,0.41025641025641024,0.49230769230769234,0.8226628444019748,0.5726208921256432,20,4
0.78,0.15384615384615385,0.05714285714285714,0.08333333333333333,0.6557575757575758,0.24534223159759988,21,0
0.795,0.36363636363636365,0.22857142857142856,0.2807017543859649,0.6963636363636364,0.37232838431330556,21,1
0.77,0.2916666666666667,0.19444444444444445,0.23333333333333334,0.646680216802168,0.2611524789746183,21,2
0.775,0.2631578947368421,0.1388888888888889,0.18181818181818182,0.6418529810298104,0.25020553160810866,21,3
0.775,0.2,0.08333333333333333,0.11764705882352941,0.6117039295392954,0.21893810660817054,21,4
0.82,0.4838709677419355,0.42857142857142855,0.45454545454545453,0.8202597402597402,0.47411593701250226,22,0
0.815,0.45454545454545453,0.2857142857142857,0.3508771929824561,0.7962770562770562,0.3595432684705257,22,1
0.865,0.7647058823529411,0.3611111111111111,0.49056603773584906,0.8438346883468835,0.5858515433271099,22,2
0.83,0.55,0.3055555555555556,0.39285714285714285,0.8347730352303523,0.49258921492043184,22,3
0.835,0.5714285714285714,0.3333333333333333,0.42105263157894735,0.8165650406504065,0.4839750370575395,22,4
0.8,0.34615384615384615,0.28125,0.3103448275862069,0.7943638392857142,0.37753817859690775,23,0
0.86,0.7,0.21875,0.3333333333333333,0.8169642857142856,0.48097982868076156,23,1
0.79,0.3076923076923077,0.25,0.27586206896551724,0.7718563988095237,0.3445865229806672,23,2
0.85,0.5714285714285714,0.36363636363636365,0.4444444444444444,0.8787878787878788,0.6316188896300277,23,3
0.87,0.6842105263157895,0.3939393939393939,0.5,0.8770640537107603,0.5333079204576241,23,4
0.71,0.20833333333333334,0.11363636363636363,0.14705882352941177,0.5824592074592074,0.2533911382209628,24,0
0.72,0.22727272727272727,0.11363636363636363,0.15151515151515152,0.6173513986013985,0.27646433894605815,24,1
0.725,0.08333333333333333,0.022222222222222223,0.03508771929824561,0.6283870967741935,0.29215109800466454,24,2
0.74,0.29411764705882354,0.1111111111111111,0.16129032258064516,0.6882437275985663,0.3533707295681692,24,3
0.715,0.2,0.08888888888888889,0.12307692307692308,0.6540501792114696,0.2894885729544051,24,4
0.715,0.5151515151515151,0.29310344827586204,0.37362637362637363,0.698033025740651,0.50141228802872,25,0
0.74,0.59375,0.3275862068965517,0.4222222222222222,0.7813258863525984,0.5821880658767343,25,1
0.73,0.5405405405405406,0.3508771929824561,0.425531914893617,0.7282542019384125,0.5194124749116205,25,2
0.73,0.5882352941176471,0.17543859649122806,0.2702702702702703,0.7326094957673905,0.47552925779732125,25,3
0.67,0.3953488372093023,0.2982456140350877,0.34,0.6308428413691571,0.43925822050813146,25,4
0.8,0.35,0.20588235294117646,0.25925925925925924,0.7108433734939759,0.33746349393913067,26,0
0.82,0.4166666666666667,0.14705882352941177,0.21739130434782608,0.6823175053153792,0.35492003463088445,26,1
0.77,0.125,0.058823529411764705,0.08,0.6150779588944011,0.23457746068363744,26,2
0.8,0.2857142857142857,0.11764705882352941,0.16666666666666666,0.608256555634302,0.25078829720701756,26,3
0.78,0.3448275862068966,0.2857142857142857,0.3125,0.7264935064935064,0.35073808630735576,26,4
0.735,0.425,0.3617021276595745,0.39080459770114945,0.7378667779168405,0.41012150101982625,27,0
0.74,0.4,0.16666666666666666,0.23529411764705882,0.6875,0.37885729215315966,27,1
0.755,0.47619047619047616,0.20833333333333334,0.2898550724637681,0.7267680921052632,0.4122383762571703,27,2
0.705,0.35135135135135137,0.2708333333333333,0.3058823529411765,0.672423245614035,0.35000805445010985,27,3
0.745,0.45161290322580644,0.2916666666666667,0.35443037974683544,0.7064144736842105,0.42209050940104326,27,4
0.725,0.41379310344827586,0.24,0.3037974683544304,0.7254,0.4252558335828597,28,0
0.735,0.4594594594594595,0.34,0.39080459770114945,0.6841333333333333,0.4908265044737715,28,1
0.735,0.4411764705882353,0.30612244897959184,0.3614457831325301,0.6635356129206649,0.4116775969038569,28,2
0.805,0.6785714285714286,0.3877551020408163,0.4935064935064935,0.7686849574266793,0.5437912687199769,28,3
0.74,0.4444444444444444,0.24489795918367346,0.3157894736842105,0.6258278145695365,0.3560471829925762,28,4
0.695,0.21875,0.16279069767441862,0.18666666666666668,0.63486890830988,0.27201841183824527,29,0
0.755,0.4,0.27906976744186046,0.3287671232876712,0.6888609094948897,0.3736818984500381,29,1
0.76,0.38095238095238093,0.18604651162790697,0.25,0.7766256850836913,0.456600170353225,29,2
0.78,0.4666666666666667,0.16279069767441862,0.2413793103448276,0.7241890090356984,0.38314395167058013,29,3
0.755,0.39285714285714285,0.2558139534883721,0.30985915492957744,0.7031550881350911,0.3533233811319123,29,4
0.8,0.6666666666666666,0.49056603773584906,0.5652173913043478,0.8341676293158773,0.725172588937593,30,0
0.775,0.6046511627906976,0.48148148148148145,0.5360824742268041,0.7926813800101471,0.6137535644866924,30,1
0.77,0.6052631578947368,0.42592592592592593,0.5,0.7726407914764079,0.6191223912198772,30,2
0.775,0.6,0.5,0.5454545454545454,0.7905885337392187,0.6053310920828995,30,3
0.745,0.5333333333333333,0.4444444444444444,0.48484848484848486,0.7473997970573313,0.563471574488741,30,4
0.795,0.6060606060606061,0.4166666666666667,0.49382716049382713,0.7815926535087718,0.5926975437892004,31,0
0.79,0.6296296296296297,0.3469387755102041,0.4473684210526316,0.7320583862684146,0.524652258556701,31,1
0.685,0.3157894736842105,0.24489795918367346,0.27586206896551724,0.6833355858899852,0.3583565454576658,31,2
0.75,0.4864864864864865,0.3673469387755102,0.4186046511627907,0.7341532639545885,0.44998573073688547,31,3
0.8,0.6451612903225806,0.40816326530612246,0.5,0.7479389106636032,0.5705546930135724,31,4
0.775,0.3888888888888889,0.17073170731707318,0.23728813559322035,0.7625402669121031,0.37922589415907,32,0
0.735,0.25,0.14634146341463414,0.18461538461538463,0.6940481668967633,0.3050269615931829,32,1
0.775,0.4090909090909091,0.21951219512195122,0.2857142857142857,0.771744132535665,0.37525579934675224,32,2
0.77,0.4074074074074074,0.2682926829268293,0.3235294117647059,0.7623868691517104,0.381759623415581,32,3
0.8,0.5294117647058824,0.21951219512195122,0.3103448275862069,0.7172879275962571,0.44985534494946,32,4
0.735,0.23809523809523808,0.11904761904761904,0.15873015873015872,0.766576250753466,0.367740013706981,33,0
0.795,0.52,0.30952380952380953,0.3880597014925373,0.73832127787824,0.45173339773067434,33,1
0.72,0.3333333333333333,0.3333333333333333,0.3333333333333333,0.6855033152501506,0.31027048645603744,33,2
0.74,0.34375,0.2619047619047619,0.2972972972972973,0.7591169379144063,0.3787218663440749,33,3
0.77,0.4,0.13953488372093023,0.20689655172413793,0.6892312250037032,0.3324146641386703,33,4
0.825,0.44,0.34375,0.38596491228070173,0.8217075892857142,0.45056071500083483,34,0
0.835,0.47619047619047616,0.3125,0.37735849056603776,0.7951078869047619,0.4516796638964196,34,1
0.87,0.6666666666666666,0.375,0.48,0.8534226190476191,0.633102641391541,34,2
0.85,0.53125,0.53125,0.53125,0.7979910714285714,0.5110268034177324,34,3
0.835,0.5,0.3939393939393939,0.4406779661016949,0.8091090546180366,0.48446549402453076,34,4
0.775,0.5416666666666666,0.5306122448979592,0.5360824742268041,0.8413299094472226,0.5756125955707823,35,0
0.775,0.5454545454545454,0.4897959183673469,0.5161290322580645,0.8282876064333018,0.5417453277672017,35,1
0.795,0.6111111111111112,0.4489795918367347,0.5176470588235295,0.8438302473307203,0.6062674625818657,35,2
0.75,0.5,0.5,0.5,0.7836666666666666,0.516339202104677,35,3
0.765,0.5348837209302325,0.46,0.4946236559139785,0.8182666666666666,0.6087564474198452,35,4
0.835,0.3076923076923077,0.14285714285714285,0.1951219512195122,0.6759759136212624,0.2674005507160392,36,0
0.83,0.3333333333333333,0.1724137931034483,0.22727272727272727,0.7247428917120388,0.282035757206759,36,1
0.82,0.3157894736842105,0.20689655172413793,0.25,0.7040734018955435,0.274558592999287,36,2
0.83,0.3076923076923077,0.13793103448275862,0.19047619047619047,0.7471264367816093,0.2980950109919874,36,3
0.835,0.3,0.10344827586206896,0.15384615384615385,0.7288767896753378,0.31853867810229686,36,4
0.825,0.4444444444444444,0.24242424242424243,0.3137254901960784,0.8049355833786972,0.437398747103498,37,0
0.865,0.65,0.3939393939393939,0.49056603773584906,0.8655416439847577,0.5958419697617515,37,1
0.87,0.7058823529411765,0.36363636363636365,0.48,0.8876791870803846,0.585612735572738,37,2
0.815,0.4090909090909091,0.2727272727272727,0.32727272727272727,0.8126474324079115,0.44575443902569234,37,3
0.825,0.48,0.35294117647058826,0.4067796610169492,0.7969525159461375,0.4111555425380372,37,4
0.81,0.5,0.2631578947368421,0.3448275862068966,0.7053281351526965,0.43192590247691753,38,0
0.845,0.6666666666666666,0.3684210526315789,0.4745762711864407,0.8096166341780376,0.5455949419319851,38,1
0.84,0.6666666666666666,0.3157894736842105,0.42857142857142855,0.7443957115009746,0.465987360795875,38,2
0.81,0.48,0.32432432432432434,0.3870967741935484,0.7457303929696567,0.4492916837547798,38,3
0.8,0.4,0.16216216216216217,0.23076923076923078,0.6723594760404576,0.30581148334145647,38,4
0.695,0.36666666666666664,0.20754716981132076,0.26506024096385544,0.6671800795790014,0.36565624253379514,39,0
0.685,0.35294117647058826,0.22641509433962265,0.27586206896551724,0.6331664741368245,0.390903711902646,39,1
0.66,0.3055555555555556,0.2037037037037037,0.24444444444444444,0.6189117199391172,0.3851134945314413,39,2
0.7,0.4117647058823529,0.25925925925925924,0.3181818181818182,0.672945205479452,0.4250640116389347,39,3
0.65,0.3,0.2222222222222222,0.2553191489361702,0.6113013698630138,0.35358213907786995,39,4
0.855,0.5384615384615384,0.45161290322580644,0.49122807017543857,0.8322198892918496,0.5340736109242488,40,0
0.845,0.5185185185185185,0.4375,0.4745762711864407,0.8517485119047619,0.5920995484328245,40,1
0.84,0.5,0.375,0.42857142857142855,0.8147321428571429,0.5392701812626589,40,2
0.86,0.5833333333333334,0.4375,0.5,0.8753720238095238,0.48789532710739897,40,3
0.81,0.38461538461538464,0.3125,0.3448275862068966,0.8032924107142858,0.39697620720419063,40,4
0.75,0.5238095238095238,0.4230769230769231,0.46808510638297873,0.7414241164241164,0.534161531627329,41,0
0.71,0.39285714285714285,0.21153846153846154,0.275,0.6492333679833681,0.4382789350948607,41,1
0.7,0.3888888888888889,0.2692307692307692,0.3181818181818182,0.6781444906444906,0.43323824148403967,41,2
0.73,0.475,0.36538461538461536,0.41304347826086957,0.7383056133056133,0.4932868850539373,41,3
0.76,0.5526315789473685,0.40384615384615385,0.4666666666666667,0.768970893970894,0.5674906194439623,41,4
0.805,0.3333333333333333,0.11428571428571428,0.1702127659574468,0.7141125541125541,0.3021192543230917,42,0
0.835,0.5555555555555556,0.4166666666666667,0.47619047619047616,0.815040650406504,0.516558187154162,42,1
0.775,0.3448275862068966,0.2777777777777778,0.3076923076923077,0.7532181571815718,0.35994975578290583,42,2
0.79,0.35,0.19444444444444445,0.25,0.7608401084010841,0.40151082716846953,42,3
0.79,0.375,0.25,0.3,0.7116361788617886,0.31546713577545915,42,4
0.725,0.5609756097560976,0.38333333333333336,0.45544554455445546,0.7870833333333334,0.5663090694570351,43,0
0.65,0.4,0.3333333333333333,0.36363636363636365,0.6881547619047619,0.4639818798293953,43,1
0.635,0.37254901960784315,0.31666666666666665,0.34234234234234234,0.6750595238095238,0.463568079372557,43,2
0.715,0.5454545454545454,0.3,0.3870967741935484,0.7831547619047619,0.5605368145546331,43,3
0.745,0.5909090909090909,0.4406779661016949,0.5048543689320388,0.7646351724966943,0.5909713425551224,43,4
0.835,0.375,0.20689655172413793,0.26666666666666666,0.6870336761443839,0.2827216751016569,44,0
0.815,0.21428571428571427,0.10344827586206896,0.13953488372093023,0.7467231296632386,0.29313041028473696,44,1
0.795,0.125,0.06896551724137931,0.08888888888888889,0.7531760435571687,0.30929148965078745,44,2
0.81,0.2631578947368421,0.1724137931034483,0.20833333333333334,0.7133494656180682,0.2643905074163049,44,3
0.83,0.3333333333333333,0.1724137931034483,0.22727272727272727,0.7291792700141158,0.2869906683831067,44,4
0.805,0.5714285714285714,0.2857142857142857,0.38095238095238093,0.7168474984930681,0.43443084135049576,45,0
0.805,0.6,0.21428571428571427,0.3157894736842105,0.767706449668475,0.4558896148023112,45,1
0.745,0.2857142857142857,0.14285714285714285,0.19047619047619047,0.6690777576853526,0.33701033621043963,45,2
0.775,0.4482758620689655,0.30952380952380953,0.36619718309859156,0.7129294755877035,0.4622569874157435,45,3
0.775,0.4117647058823529,0.16666666666666666,0.23728813559322035,0.7052441229656419,0.40854491037233676,45,4
0.715,0.2631578947368421,0.10416666666666667,0.14925373134328357,0.6535087719298246,0.3244500911047724,46,0
0.755,0.4666666666666667,0.14583333333333334,0.2222222222222222,0.6946271929824561,0.4055096653610736,46,1
0.77,0.55,0.22916666666666666,0.3235294117647059,0.7055921052631579,0.43660412352303685,46,2
0.76,0.5,0.20833333333333334,0.29411764705882354,0.6386376096491228,0.3912268882390679,46,3
0.745,0.38461538461538464,0.10416666666666667,0.16393442622950818,0.6379523026315789,0.3526679233969143,46,4
0.755,0.37037037037037035,0.23809523809523808,0.2898550724637681,0.7185051235684148,0.3557117455036881,47,0
0.765,0.4,0.23809523809523808,0.29850746268656714,0.6411241711874623,0.34813346617861674,47,1
0.755,0.3870967741935484,0.2857142857142857,0.3287671232876712,0.6694544906570222,0.3114643227025285,47,2
0.8,0.5555555555555556,0.23809523809523808,0.3333333333333333,0.8041742013261001,0.5030681224849747,47,3
0.785,0.47058823529411764,0.19047619047619047,0.2711864406779661,0.7515822784810127,0.44932430361425557,47,4
0.835,0.6086956521739131,0.3684210526315789,0.45901639344262296,0.7720922677063028,0.5441223620195078,48,0
0.78,0.36363636363636365,0.21052631578947367,0.26666666666666666,0.6872969460688758,0.3428274154272766,48,1
0.825,0.6,0.23684210526315788,0.33962264150943394,0.7305880441845354,0.43496268366358387,48,2
0.81,0.5,0.18421052631578946,0.2692307692307692,0.7576348278102664,0.4127854284095621,48,3
0.805,0.5,0.2564102564102564,0.3389830508474576,0.7122949514253862,0.3737332115725099,48,4
0.81,0.3684210526315789,0.21212121212121213,0.2692307692307692,0.725458174559971,0.34773963573096045,49,0
0.79,0.23529411764705882,0.12121212121212122,0.16,0.6627653783342407,0.245776828653502,49,1
0.825,0.4444444444444444,0.24242424242424243,0.3137254901960784,0.7512248230811105,0.43284473441750604,49,2
0.84,0.5555555555555556,0.29411764705882354,0.38461538461538464,0.7684266477675407,0.46651079817879504,49,3
0.795,0.29411764705882354,0.14705882352941177,0.19607843137254902,0.6478561304039687,0.27313225358057075,49,4
0.74,0.5,0.2692307692307692,0.35,0.7373960498960499,0.5016632104069534,50,0
0.72,0.46153846153846156,0.33962264150943394,0.391304347826087,0.7536901553074059,0.47192483207486563,50,1
0.705,0.42105263157894735,0.3018867924528302,0.3516483516483517,0.6926581953536131,0.41112996858136985,50,2
0.68,0.35135135135135137,0.24528301886792453,0.28888888888888886,0.6373379540495443,0.3855518438787236,50,3
0.715,0.45652173913043476,0.39622641509433965,0.42424242424242425,0.7386086510075729,0.526688511314861,50,4
0.72,0.3333333333333333,0.2727272727272727,0.3,0.7667540792540792,0.3992284452099465,51,0
0.73,0.34375,0.25,0.2894736842105263,0.7282925407925408,0.3861322904054125,51,1
0.78,0.5142857142857142,0.4,0.45,0.7487455197132616,0.43864313019349144,51,2
0.765,0.4666666666666667,0.3111111111111111,0.37333333333333335,0.7604301075268818,0.4377174813335526,51,3
0.765,0.46875,0.3333333333333333,0.38961038961038963,0.7313978494623656,0.5153832489622904,51,4
0.745,0.43902439024390244,0.391304347826087,0.41379310344827586,0.747741389045737,0.43440852541130526,52,0
0.78,0.5294117647058824,0.391304347826087,0.45,0.7544466403162056,0.44636803719923107,52,1
0.77,0.5,0.34782608695652173,0.41025641025641024,0.7762563523433089,0.546267616166614,52,2
0.78,0.5238095238095238,0.4782608695652174,0.5,0.7792913608130999,0.5272300820731798,52,3
0.705,0.30303030303030304,0.21739130434782608,0.25316455696202533,0.6608554488989271,0.3883039649937525,52,4
0.71,0.5888888888888889,0.7162162162162162,0.6463414634146342,0.7800300300300301,0.6531031515650776,53,0
0.665,0.5476190476190477,0.6133333333333333,0.5786163522012578,0.77088,0.6577064928770986,53,1
0.665,0.5425531914893617,0.68,0.6035502958579881,0.7327466666666668,0.6216890506040987,53,2
0.705,0.5930232558139535,0.68,0.6335403726708074,0.8075733333333334,0.7234587527845278,53,3
0.73,0.6235294117647059,0.7066666666666667,0.6625,0.79184,0.7068287394691969,53,4
0.76,0.3783783783783784,0.358974358974359,0.3684210526315789,0.7925625099538144,0.3992531536858208,54,0
0.825,0.5675675675675675,0.525,0.5454545454545454,0.824140625,0.5771981113209179,54,1
0.815,0.5348837209302325,0.575,0.5542168674698795,0.8065625000000001,0.5045813505007782,54,2
0.78,0.4411764705882353,0.375,0.40540540540540543,0.8014062499999999,0.43573359294069297,54,3
0.855,0.6341463414634146,0.65,0.6419753086419753,0.8909375,0.6083919729511976,54,4
0.79,0.7142857142857143,0.6521739130434783,0.6818181818181818,0.8497621418298484,0.7574831728997158,55,0
0.715,0.6111111111111112,0.4782608695652174,0.5365853658536586,0.7447726518420179,0.6670579220900678,55,1
0.725,0.6226415094339622,0.4852941176470588,0.5454545454545454,0.7748997326203209,0.6846413748168388,55,2
0.735,0.6363636363636364,0.5147058823529411,0.5691056910569106,0.7638703208556149,0.6985985547857292,55,3
0.75,0.7142857142857143,0.4411764705882353,0.5454545454545454,0.7976827094474154,0.7134682477895943,55,4
0.815,0.6333333333333333,0.4222222222222222,0.5066666666666667,0.7884587813620072,0.5661469791744164,56,0
0.82,0.6551724137931034,0.4222222222222222,0.5135135135135135,0.8279569892473118,0.5433690763978056,56,1
0.775,0.4782608695652174,0.25,0.3283582089552239,0.7473776223776224,0.4609466074193685,56,2
0.805,0.5757575757575758,0.4318181818181818,0.4935064935064935,0.775495337995338,0.5422899814907474,56,3
0.765,0.43478260869565216,0.22727272727272727,0.29850746268656714,0.7348484848484849,0.4576560170824018,56,4
0.705,0.375,0.30612244897959184,0.33707865168539325,0.7130693336937425,0.45145111456739173,57,0
0.715,0.38235294117647056,0.2653061224489796,0.3132530120481928,0.7009731044735775,0.36687859950955365,57,1
0.725,0.4318181818181818,0.3877551020408163,0.40860215053763443,0.706244087038789,0.4100430840524572,57,2
0.735,0.4411764705882353,0.30612244897959184,0.3614457831325301,0.6805649412082714,0.46087432628686564,57,3
0.76,0.5238095238095238,0.22448979591836735,0.3142857142857143,0.7255710231112312,0.4669326619799422,57,4
0.785,0.5,0.27906976744186046,0.3582089552238806,0.7387794400829506,0.4246620047272315,58,0
0.76,0.391304347826087,0.20930232558139536,0.2727272727272727,0.6167234483780181,0.2875237064678446,58,1
0.735,0.32142857142857145,0.20930232558139536,0.2535211267605634,0.6422752184861501,0.31986936349213835,58,2
0.76,0.4074074074074074,0.2558139534883721,0.3142857142857143,0.7207080432528513,0.40416601113101197,58,3
0.77,0.43478260869565216,0.23255813953488372,0.30303030303030304,0.7005628795733966,0.3863951641996034,58,4
0.765,0.4642857142857143,0.28888888888888886,0.3561643835616438,0.7601433691756272,0.518871022281176,59,0
0.765,0.47058823529411764,0.35555555555555557,0.4050632911392405,0.7300358422939068,0.4299910265033388,59,1
0.8,0.6071428571428571,0.3695652173913043,0.4594594594594595,0.7248729531338227,0.5262902504554323,59,2
0.755,0.45714285714285713,0.34782608695652173,0.3950617283950617,0.7346132128740823,0.44510096744643296,59,3
0.785,0.56,0.30434782608695654,0.39436619718309857,0.8207227555053642,0.5889547864726861,59,4
0.825,0.7105263157894737,0.5294117647058824,0.6067415730337079,0.8332675352020003,0.7342229561132022,60,0
0.82,0.75,0.46153846153846156,0.5714285714285714,0.8225051975051976,0.6519985375429801,60,1
0.785,0.6285714285714286,0.4230769230769231,0.5057471264367817,0.8161382536382537,0.6439426505166146,60,2
0.765,0.5641025641025641,0.4230769230769231,0.4835164835164835,0.7768970893970895,0.6187220859282985,60,3
0.775,0.6129032258064516,0.36538461538461536,0.4578313253012048,0.7781964656964657,0.620505813310763,60,4
0.815,0.47368421052631576,0.25,0.32727272727272727,0.7811653116531165,0.3859737517018765,61,0
0.795,0.3684210526315789,0.19444444444444445,0.2545454545454545,0.7237466124661247,0.3191822023081369,61,1
0.795,0.41935483870967744,0.3611111111111111,0.3880597014925373,0.7490684281842819,0.37279234336572853,61,2
0.79,0.4,0.3333333333333333,0.36363636363636365,0.8195291327913279,0.4943457517150734,61,3
0.8,0.375,0.16666666666666666,0.23076923076923078,0.7091802168021679,0.3711178388349662,61,4
0.88,0.4,0.18181818181818182,0.25,0.6555158324821247,0.22524343129110638,62,0
0.84,0.09090909090909091,0.043478260869565216,0.058823529411764705,0.5636207320068779,0.1449091363174622,62,1
0.875,0.4,0.17391304347826086,0.24242424242424243,0.7605011053795135,0.2788171132484638,62,2
0.875,0.4,0.17391304347826086,0.24242424242424243,0.6782117415868336,0.2732937886000855,62,3
0.865,0.25,0.08695652173913043,0.12903225806451613,0.6895111766150822,0.23217666823191768,62,4
0.785,0.3333333333333333,0.22857142857142856,0.2711864406779661,0.7215584415584415,0.3728003402633758,63,0
0.795,0.41935483870967744,0.3611111111111111,0.3880597014925373,0.7942073170731707,0.4261058062483988,63,1
0.78,0.25,0.1111111111111111,0.15384615384615385,0.7686314363143631,0.3938109293446336,63,2
0.795,0.2727272727272727,0.08333333333333333,0.1276595744680851,0.6108570460704608,0.2473309467001961,63,3
0.795,0.3684210526315789,0.19444444444444445,0.2545454545454545,0.7447493224932249,0.3730071144163216,63,4
0.755,0.48717948717948717,0.3958333333333333,0.4367816091954023,0.7323190789473684,0.4323584086386033,64,0
0.725,0.40540540540540543,0.3125,0.35294117647058826,0.6877741228070176,0.3727578136481857,64,1
0.72,0.4,0.3333333333333333,0.36363636363636365,0.6881167763157895,0.4489405438591878,64,2
0.695,0.34146341463414637,0.2916666666666667,0.3146067415730337,0.6931880482456141,0.3836401442526883,64,3
0.75,0.4594594594594595,0.3617021276595745,0.40476190476190477,0.7341816159087748,0.454937815669438,64,4
0.79,0.4482758620689655,0.3333333333333333,0.38235294117647056,0.7885013537187451,0.48188420529990034,65,0
0.775,0.4117647058823529,0.358974358974359,0.3835616438356164,0.7868291129160695,0.4334664074456171,65,1
0.775,0.38461538461538464,0.2564102564102564,0.3076923076923077,0.7650103519668737,0.44559588276696893,65,2
0.75,0.2962962962962963,0.20512820512820512,0.24242424242424243,0.6962095875139354,0.3231694820810905,65,3
0.835,0.6666666666666666,0.3076923076923077,0.42105263157894735,0.826644370122631,0.5665474464271414,65,4
0.83,0.4117647058823529,0.22580645161290322,0.2916666666666667,0.7418400458102691,0.41752197993761464,66,0
0.84,0.4666666666666667,0.22580645161290322,0.30434782608695654,0.7421263599923649,0.3573293241536495,66,1
0.835,0.45,0.2903225806451613,0.35294117647058826,0.6969841572819241,0.3787080060401278,66,2
0.82,0.4230769230769231,0.34375,0.3793103448275862,0.6634114583333334,0.33493450733682395,66,3
0.805,0.3939393939393939,0.40625,0.4,0.6976376488095238,0.3883976501737173,66,4
0.84,0.5555555555555556,0.42857142857142855,0.4838709677419355,0.8221645021645021,0.5489116059806458,67,0
0.81,0.43478260869565216,0.2857142857142857,0.3448275862068966,0.7928138528138529,0.4929024580410553,67,1
0.86,0.6521739130434783,0.42857142857142855,0.5172413793103449,0.8100432900432901,0.5355890678013124,67,2
0.82,0.47619047619047616,0.2857142857142857,0.35714285714285715,0.7954978354978355,0.4686525071376455,67,3
0.78,0.3902439024390244,0.45714285714285713,0.42105263157894735,0.8058874458874459,0.5325654607217412,67,4
0.755,0.4444444444444444,0.35555555555555557,0.3950617283950617,0.7903942652329748,0.4854885090736879,68,0
0.785,0.5263157894736842,0.4444444444444444,0.4819277108433735,0.8046594982078853,0.5604920465384177,68,1
0.84,0.782608695652174,0.4,0.5294117647058824,0.8428673835125449,0.6894478454058963,68,2
0.78,0.5161290322580645,0.35555555555555557,0.42105263157894735,0.7648028673835126,0.4631894040688026,68,3
0.755,0.4594594594594595,0.3695652173913043,0.40963855421686746,0.8203698475437606,0.5176129964016565,68,4
0.785,0.53125,0.37777777777777777,0.44155844155844154,0.7929032258064517,0.48069390901894754,69,0
0.79,0.5365853658536586,0.4888888888888889,0.5116279069767442,0.8612186379928315,0.6204830662305592,69,1
0.795,0.5588235294117647,0.4222222222222222,0.4810126582278481,0.8327598566308244,0.6347855596134571,69,2
0.785,0.5294117647058824,0.5869565217391305,0.5567010309278351,0.8116883116883117,0.5572444157101013,69,3
0.79,0.5769230769230769,0.32608695652173914,0.4166666666666667,0.8236871823828346,0.5626460548596327,69,4
0.81,0.46153846153846156,0.5142857142857142,0.4864864864864865,0.7825108225108225,0.5502336194858893,70,0
0.875,0.6923076923076923,0.5142857142857142,0.5901639344262295,0.8088311688311689,0.6198743754153901,70,1
0.845,0.6190476190476191,0.3611111111111111,0.45614035087719296,0.7793868563685639,0.5571862521739122,70,2
0.85,0.6,0.5,0.5454545454545454,0.7771849593495935,0.5974157248039007,70,3
0.805,0.45454545454545453,0.4166666666666667,0.43478260869565216,0.7494918699186992,0.5305495739455044,70,4
0.775,0.45454545454545453,0.11363636363636363,0.18181818181818182,0.7093531468531469,0.3869552140890754,71,0
0.795,0.5789473684210527,0.25,0.3492063492063492,0.7086975524475525,0.45313127108813683,71,1
0.74,0.36666666666666664,0.25,0.2972972972972973,0.6448863636363638,0.3638434859204577,71,2
0.745,0.3333333333333333,0.13333333333333333,0.19047619047619047,0.6278853046594982,0.2926870563675006,71,3
0.755,0.4090909090909091,0.2,0.26865671641791045,0.6402867383512545,0.3867578544523214,71,4
0.82,0.29411764705882354,0.1724137931034483,0.21739130434782608,0.6412583182093164,0.2843371300689455,72,0
0.85,0.45454545454545453,0.1724137931034483,0.25,0.6780600927606373,0.3572915447157904,72,1
0.855,0.5384615384615384,0.23333333333333334,0.32558139534883723,0.6713725490196079,0.2920825837698229,72,2
0.84,0.375,0.1,0.15789473684210525,0.7043137254901961,0.3439015816296335,72,3
0.845,0.4666666666666667,0.23333333333333334,0.3111111111111111,0.7376470588235294,0.36765944814146106,72,4
0.81,0.3333333333333333,0.1875,0.24,0.7645089285714286,0.3755543315755319,73,0
0.775,0.11764705882352941,0.0625,0.08163265306122448,0.7359561011904762,0.2873535526254319,73,1
0.815,0.391304347826087,0.28125,0.32727272727272727,0.7330729166666666,0.3827845330009511,73,2
0.83,0.4375,0.21875,0.2916666666666667,0.6975446428571428,0.32623281595552506,73,3
0.825,0.38461538461538464,0.15625,0.2222222222222222,0.7212611607142856,0.3209282005381159,73,4
0.765,0.4,0.2926829268292683,0.3380281690140845,0.6676637521092191,0.37170140045102457,74,0
0.78,0.45714285714285713,0.3902439024390244,0.42105263157894735,0.7639208467556373,0.45347312394489137,74,1
0.745,0.2916666666666667,0.17073170731707318,0.2153846153846154,0.6527074704709311,0.3039454301573403,74,2
0.77,0.4,0.24390243902439024,0.30303030303030304,0.6380579843534285,0.35989818047187305,74,3
0.77,0.38095238095238093,0.1951219512195122,0.25806451612903225,0.7159073477527229,0.3480742049751435,74,4
0.9,0.5454545454545454,0.5454545454545454,0.5454545454545454,0.8848314606741573,0.513201394190424,75,0
0.885,0.5,0.21739130434782608,0.30303030303030304,0.8239990174404324,0.407560635695036,75,1
0.9,0.6153846153846154,0.34782608695652173,0.4444444444444444,0.8160157209530827,0.49581177897741324,75,2
0.895,0.6,0.2608695652173913,0.36363636363636365,0.8217882584131663,0.4497204686634886,75,3
0.9,0.6363636363636364,0.30434782608695654,0.4117647058823529,0.8523704249570131,0.46771307951256197,75,4
0.845,0.3333333333333333,0.14814814814814814,0.20512820512820512,0.6995290087775636,0.2976738851741576,76,0
0.84,0.35294117647058826,0.2222222222222222,0.2727272727272727,0.7037037037037037,0.2945516089224882,76,1
0.88,0.6153846153846154,0.2962962962962963,0.4,0.790515949475487,0.49787553204118024,76,2
0.815,0.14285714285714285,0.07407407407407407,0.0975609756097561,0.6749090130593021,0.21864132606787146,76,3
0.83,0.26666666666666666,0.14814814814814814,0.19047619047619047,0.7146221365874545,0.29237712238161856,76,4
0.825,0.29411764705882354,0.17857142857142858,0.2222222222222222,0.6933139534883721,0.2734110661385877,77,0
0.84,0.35714285714285715,0.17857142857142858,0.23809523809523808,0.7251868770764119,0.2789346821293934,77,1
0.855,0.4,0.07142857142857142,0.12121212121212122,0.7601744186046512,0.28423431767881513,77,2
0.845,0.36363636363636365,0.14285714285714285,0.20512820512820512,0.7034883720930232,0.24937044575911355,77,3
0.825,0.23076923076923078,0.10714285714285714,0.14634146341463414,0.7347383720930233,0.2621471615252456,77,4
0.825,0.5333333333333333,0.2222222222222222,0.3137254901960784,0.7601626016260163,0.4511495172356317,78,0
0.765,0.2608695652173913,0.16666666666666666,0.2033898305084746,0.6907181571815719,0.274755613305562,78,1
0.775,0.23529411764705882,0.1111111111111111,0.1509433962264151,0.7223915989159891,0.2818941252066415,78,2
0.795,0.4166666666666667,0.2702702702702703,0.32786885245901637,0.7161333112253359,0.3280252670363579,78,3
0.805,0.45454545454545453,0.2702702702702703,0.3389830508474576,0.7514508373404079,0.45206447304996944,78,4
0.81,0.375,0.17647058823529413,0.24,0.630669737774628,0.26836569987747555,79,0
0.815,0.4,0.17647058823529413,0.24489795918367346,0.5913359319631467,0.31165187039124,79,1
0.79,0.21428571428571427,0.08823529411764706,0.125,0.5900070871722183,0.2493908660857114,79,2
0.81,0.375,0.17647058823529413,0.24,0.6513997165131113,0.3077852454684293,79,3
0.8,0.3333333333333333,0.17647058823529413,0.23076923076923078,0.6570694542877393,0.29394107933773866,79,4
0.78,0.4444444444444444,0.2926829268292683,0.35294117647058826,0.6958122411412793,0.432196561024081,80,0
0.755,0.3181818181818182,0.17073170731707318,0.2222222222222222,0.6258628624022089,0.2662966808963425,80,1
0.81,0.6153846153846154,0.1951219512195122,0.2962962962962963,0.7452830188679247,0.41677194232243536,80,2
0.785,0.45,0.21951219512195122,0.29508196721311475,0.676637521092192,0.37635082525324864,80,3
0.75,0.30434782608695654,0.17073170731707318,0.21875,0.6372142966712686,0.2992928907792648,80,4
0.815,0.42105263157894735,0.23529411764705882,0.3018867924528302,0.8143160878809355,0.3783911390957782,81,0
0.805,0.3076923076923077,0.11764705882352941,0.1702127659574468,0.7475194897236003,0.34263890624336957,81,1
0.765,0.3235294117647059,0.3142857142857143,0.3188405797101449,0.7424242424242424,0.38091292106111835,81,2
0.84,0.5882352941176471,0.2857142857142857,0.38461538461538464,0.794978354978355,0.44386791205214016,81,3
0.855,0.65,0.37142857142857144,0.4727272727272727,0.8564502164502164,0.5875443693555972,81,4
0.8,0.7205882352941176,0.7,0.7101449275362319,0.823956043956044,0.7734960152424929,82,0
0.77,0.6875,0.6285714285714286,0.6567164179104478,0.8413736263736264,0.7953405746575111,82,1
0.73,0.6142857142857143,0.6142857142857143,0.6142857142857143,0.8061538461538461,0.7254471547846886,82,2
0.795,0.7142857142857143,0.704225352112676,0.7092198581560284,0.8544600938967136,0.7833268606551451,82,3
0.755,0.6341463414634146,0.7323943661971831,0.6797385620915033,0.844306146959275,0.7696327227110923,82,4
0.79,0.6216216216216216,0.45098039215686275,0.5227272727272727,0.8415580997499671,0.6746934892832358,83,0
0.785,0.5952380952380952,0.49019607843137253,0.5376344086021505,0.8073430714567706,0.6290674177588635,83,1
0.77,0.5757575757575758,0.37254901960784315,0.4523809523809524,0.7875378339255166,0.5339001531784879,83,2
0.795,0.6216216216216216,0.46,0.5287356321839081,0.8166666666666667,0.589509490923581,83,3
0.765,0.5319148936170213,0.5,0.5154639175257731,0.8190666666666666,0.6046436111287105,83,4
0.785,0.36363636363636365,0.21621621621621623,0.2711864406779661,0.745398773006135,0.33308914376776744,84,0
0.765,0.2916666666666667,0.1891891891891892,0.22950819672131148,0.7236776653954569,0.30603393990210537,84,1
0.77,0.3548387096774194,0.2972972972972973,0.3235294117647059,0.7184546509699884,0.40325526100255316,84,2
0.77,0.2727272727272727,0.16666666666666666,0.20689655172413793,0.7162940379403794,0.3303739362218559,84,3
0.775,0.2631578947368421,0.1388888888888889,0.18181818181818182,0.6878387533875339,0.3006042739527994,84,4
0.8,0.3793103448275862,0.3333333333333333,0.3548387096774194,0.7994919252404282,0.43310423545448035,85,0
0.805,0.36363636363636365,0.24242424242424243,0.2909090909090909,0.7090364725095264,0.323957450572202,85,1
0.84,0.5294117647058824,0.2727272727272727,0.36,0.7566684812193795,0.389326986114067,85,2
0.825,0.42857142857142855,0.18181818181818182,0.2553191489361702,0.745146071493377,0.39795889085339303,85,3
0.785,0.32,0.23529411764705882,0.2711864406779661,0.6797484053862509,0.3043946323764699,85,4
0.805,0.30434782608695654,0.23333333333333334,0.2641509433962264,0.7676470588235295,0.3914632324726384,86,0
0.805,0.2857142857142857,0.2,0.23529411764705882,0.7481372549019608,0.33451848386955935,86,1
0.845,0.47058823529411764,0.26666666666666666,0.3404255319148936,0.771078431372549,0.4321890694562271,86,2
0.85,0.5,0.26666666666666666,0.34782608695652173,0.7408823529411765,0.37012053335714856,86,3
0.845,0.4782608695652174,0.36666666666666664,0.41509433962264153,0.7813725490196078,0.38609633787754943,86,4
0.81,0.0,0.0,0.0,0.7041742286751361,0.21736612748198583,87,0
0.8,0.07692307692307693,0.034482758620689655,0.047619047619047616,0.7566041540633193,0.25464771456939383,87,1
0.785,0.15,0.10344827586206896,0.12244897959183673,0.6670699737850373,0.19943006406866695,87,2
0.795,0.16666666666666666,0.10344827586206896,0.1276595744680851,0.684916313772938,0.20404714724084488,87,3
0.73,0.12121212121212122,0.13793103448275862,0.12903225806451613,0.6504335551522484,0.18866192249574776,87,4
0.76,0.25925925925925924,0.2,0.22580645161290322,0.7396536796536797,0.2979965692923617,88,0
0.78,0.2857142857142857,0.17142857142857143,0.21428571428571427,0.7396536796536797,0.31409615694981313,88,1
0.8,0.391304347826087,0.2571428571428571,0.3103448275862069,0.7678787878787878,0.36046991287871993,88,2
0.79,0.3157894736842105,0.17142857142857143,0.2222222222222222,0.7440692640692641,0.3418767822225931,88,3
0.81,0.42857142857142855,0.16666666666666666,0.24,0.7289972899728997,0.34601954459790885,88,4
0.86,0.6666666666666666,0.13333333333333333,0.2222222222222222,0.7599019607843137,0.30117101100856947,89,0
0.85,0.5384615384615384,0.22580645161290322,0.3181818181818182,0.7528154227906089,0.3683084420452146,89,1
0.79,0.17647058823529413,0.0967741935483871,0.125,0.6864859706050773,0.2572664339969544,89,2
0.83,0.4,0.1935483870967742,0.2608695652173913,0.6814277533880512,0.3076574136383313,89,3
0.81,0.18181818181818182,0.06451612903225806,0.09523809523809523,0.7133040656613858,0.26362393532964323,89,4
0.82,0.45454545454545453,0.29411764705882354,0.35714285714285715,0.7553153791637136,0.39862032420288274,90,0
0.795,0.29411764705882354,0.14705882352941177,0.19607843137254902,0.6935683912119064,0.3143057305567383,90,1
0.82,0.45,0.2647058823529412,0.3333333333333333,0.7434443656980865,0.36562422437944336,90,2
0.79,0.2777777777777778,0.14705882352941177,0.19230769230769232,0.7026931254429483,0.28376652403026564,90,3
0.825,0.47058823529411764,0.23529411764705882,0.3137254901960784,0.7465450035435861,0.423145464990781,90,4
0.825,0.48,0.35294117647058826,0.4067796610169492,0.7981041814316088,0.4378738671073913,91,0
0.84,0.5789473684210527,0.3142857142857143,0.4074074074074074,0.8140259740259741,0.46658645776482033,91,1
0.825,0.5,0.2857142857142857,0.36363636363636365,0.8224242424242424,0.4791119686450107,91,2
0.83,0.5217391304347826,0.34285714285714286,0.41379310344827586,0.8108225108225108,0.5057629862901627,91,3
0.815,0.42857142857142855,0.17142857142857143,0.24489795918367346,0.8196536796536797,0.4789030416184919,91,4
0.855,0.4166666666666667,0.18518518518518517,0.2564102564102564,0.7501605651894669,0.3316776705087909,92,0
0.865,0.5,0.25925925925925924,0.34146341463414637,0.7667523014343823,0.361677318684206,92,1
0.85,0.4583333333333333,0.39285714285714285,0.4230769230769231,0.7794850498338871,0.4174072790460649,92,2
0.835,0.3333333333333333,0.17857142857142858,0.23255813953488372,0.715531561461794,0.28744287920241873,92,3
0.835,0.3333333333333333,0.17857142857142858,0.23255813953488372,0.7124169435215947,0.27735384198656177,92,4
0.83,0.15384615384615385,0.08,0.10526315789473684,0.7162285714285714,0.2568025659768101,93,0
0.86,0.4375,0.2692307692307692,0.3333333333333333,0.8301282051282051,0.3856930333186354,93,1
0.855,0.2857142857142857,0.07692307692307693,0.12121212121212122,0.8404067197170646,0.33375954263347957,93,2
0.86,0.4583333333333333,0.4230769230769231,0.44,0.8351016799292662,0.3929489765139379,93,3
0.855,0.4,0.23076923076923078,0.2926829268292683,0.8012820512820513,0.3165821935749324,93,4
0.82,0.5882352941176471,0.47619047619047616,0.5263157894736842,0.7770494273658831,0.5679540618907605,94,0
0.765,0.3684210526315789,0.16666666666666666,0.22950819672131148,0.6955244122965643,0.3692729922424789,94,1
0.775,0.43478260869565216,0.23809523809523808,0.3076923076923077,0.6754822182037371,0.4005863477903553,94,2
0.77,0.4444444444444444,0.27906976744186046,0.34285714285714286,0.6880462153754998,0.39706124995614805,94,3
0.76,0.4,0.23255813953488372,0.29411764705882354,0.6466449414901496,0.3589416168798778,94,4
0.765,0.5675675675675675,0.40384615384615385,0.47191011235955055,0.7327182952182952,0.5761113417365042,95,0
0.675,0.30303030303030304,0.19230769230769232,0.23529411764705882,0.6849012474012474,0.4257134700540728,95,1
0.755,0.5428571428571428,0.36538461538461536,0.4367816091954023,0.7299896049896049,0.4496943218117887,95,2
0.785,0.6041666666666666,0.5471698113207547,0.5742574257425742,0.777820562187139,0.6212747987056934,95,3
0.78,0.6,0.5094339622641509,0.5510204081632653,0.796239250417148,0.5844326715860575,95,4
0.82,0.5294117647058824,0.24324324324324326,0.3333333333333333,0.7089205770187365,0.3734285724866464,96,0
0.79,0.25,0.08333333333333333,0.125,0.630420054200542,0.2680336275934785,96,1
0.8,0.3333333333333333,0.1111111111111111,0.16666666666666666,0.6875846883468834,0.33656591375056444,96,2
0.815,0.45454545454545453,0.1388888888888889,0.2127659574468085,0.6527777777777778,0.31729856437146753,96,3
0.805,0.4,0.16666666666666666,0.23529411764705882,0.6557418699186992,0.28550093041734115,96,4
0.805,0.2727272727272727,0.08823529411764706,0.13333333333333333,0.7670978029766122,0.36606415993102276,97,0
0.84,0.5625,0.2647058823529412,0.36,0.7445074415308292,0.4112467282024554,97,1
0.83,0.5,0.29411764705882354,0.37037037037037035,0.7313961729270021,0.42436041616291464,97,2
0.82,0.4375,0.20588235294117646,0.28,0.753012048192771,0.42202369434995757,97,3
0.83,0.5,0.14705882352941177,0.22727272727272727,0.6731041814316088,0.3083645638831854,97,4
0.83,0.18181818181818182,0.07407407407407407,0.10526315789473684,0.6966388353671591,0.2560783039496533,98,0
0.86,0.42857142857142855,0.1111111111111111,0.17647058823529413,0.7411689145793192,0.35453527803737084,98,1
0.875,0.625,0.18518518518518517,0.2857142857142857,0.7418111753371868,0.41532094880335513,98,2
0.835,0.125,0.037037037037037035,0.05714285714285714,0.6942838792549775,0.21668916059510612,98,3
0.855,0.4,0.14814814814814814,0.21621621621621623,0.7165489188610575,0.3267012940562401,98,4
0.8,0.4117647058823529,0.1891891891891892,0.25925925925925924,0.7122367766539546,0.35131894246137385,99,0
0.79,0.35714285714285715,0.13157894736842105,0.19230769230769232,0.6837231968810916,0.3006249417253444,99,1
0.795,0.42105263157894735,0.21052631578947367,0.2807017543859649,0.7037037037037037,0.3529259456417577,99,2
0.74,0.15,0.07894736842105263,0.10344827586206896,0.6317413905133203,0.24851660681387047,99,3
0.745,0.21739130434782608,0.13157894736842105,0.16393442622950818,0.6466049382716049,0.24344360055742914,99,4
0.81,0.5217391304347826,0.3076923076923077,0.3870967741935484,0.763258480649785,0.44265553196282714,100,0
0.795,0.45454545454545453,0.2564102564102564,0.32786885245901637,0.8091256569517439,0.45635798439822883,100,1
0.78,0.4074074074074074,0.28205128205128205,0.3333333333333333,0.6635610766045549,0.3578909758703218,100,2
0.83,0.6666666666666666,0.2564102564102564,0.37037037037037035,0.7195413282369805,0.498754275194752,100,3
0.76,0.30434782608695654,0.1794871794871795,0.22580645161290322,0.7124542124542125,0.39491619537802486,100,4
0.755,0.36363636363636365,0.18604651162790697,0.24615384615384617,0.6895274774107539,0.32388982880867717,101,0
0.755,0.391304347826087,0.20454545454545456,0.26865671641791045,0.6927447552447553,0.35825928323960626,101,1
0.795,0.5714285714285714,0.2727272727272727,0.36923076923076925,0.8161421911421911,0.49534196401108166,101,2
0.775,0.48,0.2727272727272727,0.34782608695652173,0.740530303030303,0.40916424490934655,101,3
0.78,0.5,0.20454545454545456,0.2903225806451613,0.6794871794871795,0.4443158192064487,101,4
0.76,0.4722222222222222,0.3695652173913043,0.4146341463414634,0.7593873517786561,0.5030247404575999,102,0
0.725,0.375,0.2553191489361702,0.3037974683544304,0.6928799888749827,0.3853438151367112,102,1
0.725,0.4,0.3404255319148936,0.367816091954023,0.7276456681963566,0.4278957008919567,102,2
0.745,0.375,0.1276595744680851,0.19047619047619047,0.7060909470171047,0.4085461504671192,102,3
0.725,0.34615384615384615,0.19148936170212766,0.2465753424657534,0.6398970935892087,0.3746100722084028,102,4
0.73,0.4166666666666667,0.3125,0.35714285714285715,0.723547149122807,0.4565174585676416,103,0
0.72,0.3181818181818182,0.14583333333333334,0.2,0.6757127192982457,0.34818145328523487,103,1
0.73,0.36363636363636365,0.16666666666666666,0.22857142857142856,0.7162143640350878,0.4067680319276308,103,2
0.725,0.37037037037037035,0.20833333333333334,0.26666666666666666,0.6753700657894737,0.3533546915887308,103,3
0.71,0.30434782608695654,0.14285714285714285,0.19444444444444445,0.6700229760778483,0.33870574274931387,103,4
0.78,0.5,0.3409090909090909,0.40540540540540543,0.7814685314685315,0.5307075770570382,104,0
0.775,0.48148148148148145,0.29545454545454547,0.36619718309859156,0.7484702797202797,0.4276482469574233,104,1
0.77,0.45454545454545453,0.3488372093023256,0.39473684210526316,0.7589246037624056,0.46840766306495246,104,2
0.755,0.39285714285714285,0.2558139534883721,0.30985915492957744,0.7688490593986076,0.4337721980575752,104,3
0.785,0.5,0.3023255813953488,0.37681159420289856,0.7133017330765813,0.41569779828482123,104,4
0.795,0.42857142857142855,0.23684210526315788,0.3050847457627119,0.6392949967511371,0.3010988379331842,105,0
0.825,0.5652173913043478,0.34210526315789475,0.4262295081967213,0.6931448992852502,0.45913629739275397,105,1
0.775,0.36,0.23684210526315788,0.2857142857142857,0.6808804418453541,0.3119968758036389,105,2
0.795,0.4090909090909091,0.24324324324324326,0.3050847457627119,0.6608356823080749,0.3185195499937831,105,3
0.805,0.4583333333333333,0.2972972972972973,0.36065573770491804,0.6484828386668877,0.3683824480679544,105,4
0.73,0.36,0.19148936170212766,0.25,0.769434014740648,0.4078897882077171,106,0
0.725,0.34615384615384615,0.19148936170212766,0.2465753424657534,0.7447503824224726,0.3976299292737997,106,1
0.725,0.36666666666666664,0.23404255319148937,0.2857142857142857,0.6777221526908637,0.35788161815243463,106,2
0.76,0.4838709677419355,0.3191489361702128,0.38461538461538464,0.707412042831317,0.42613204823712164,106,3
0.77,0.5238095238095238,0.23404255319148937,0.3235294117647059,0.7436378806841886,0.4593420094998628,106,4
0.82,0.26666666666666666,0.13793103448275862,0.18181818181818182,0.745109901189756,0.3142712377776902,107,0
0.84,0.42105263157894735,0.27586206896551724,0.3333333333333333,0.7818108489614842,0.36734567119475353,107,1
0.81,0.21428571428571427,0.1,0.13636363636363635,0.6933333333333334,0.23985408375597442,107,2
0.865,0.5789473684210527,0.36666666666666664,0.4489795918367347,0.8272549019607843,0.45905595403226923,107,3
0.805,0.23529411764705882,0.13333333333333333,0.1702127659574468,0.6496078431372548,0.2137635502291873,107,4
0.79,0.2631578947368421,0.15151515151515152,0.19230769230769232,0.7673743422246416,0.3679135397402541,108,0
0.835,0.5,0.2727272727272727,0.35294117647058826,0.8252585737615677,0.4944856008913486,108,1
0.835,0.5238095238095238,0.3235294117647059,0.4,0.8263642806520198,0.5501991084483333,108,2
0.795,0.3333333333333333,0.20588235294117646,0.2545454545454545,0.7769312544294826,0.3370536735959969,108,3
0.845,0.5555555555555556,0.4411764705882353,0.4918032786885246,0.8355776045357902,0.539764623519337,108,4
0.7,0.20588235294117646,0.175,0.1891891891891892,0.5960156249999999,0.23961861215243613,109,0
0.75,0.35294117647058826,0.3,0.32432432432432434,0.6748437500000001,0.32313945871105093,109,1
0.75,0.2916666666666667,0.175,0.21875,0.6640625,0.29735467042589786,109,2
0.73,0.18181818181818182,0.1,0.12903225806451613,0.6089062499999999,0.2506098484221755,109,3
0.715,0.24242424242424243,0.2,0.2191780821917808,0.629375,0.27119616967992755,109,4
0.7547169811320755,0.4,0.16666666666666666,0.23529411764705882,0.7141768292682926,0.4313365060761986,110,0
0.7047619047619048,0.16666666666666666,0.08695652173913043,0.11428571428571428,0.6405090137857901,0.31108471702992935,110,1
0.7238095238095238,0.35294117647058826,0.25,0.2926829268292683,0.6988168724279835,0.3428246388697667,110,2
0.7523809523809524,0.4166666666666667,0.20833333333333334,0.2777777777777778,0.7047325102880659,0.3885089420513489,110,3
0.7714285714285715,0.5,0.25,0.3333333333333333,0.6630658436213992,0.36159001669006036,110,4
